PrecinctName,CityName,SeattleCouncilDistrict
SEA 32-2153,Seattle,5
SEA 32-2200,Seattle,5
SEA 32-2201,Seattle,5
SEA 32-2202,Seattle,5
SEA 32-2203,Seattle,5
SEA 32-2204,Seattle,5
SEA 32-2206,Seattle,5
SEA 32-2208,Seattle,5
SEA 32-2209,Seattle,5
SEA 32-2210,Seattle,5
SEA 32-2211,Seattle,5
SEA 32-2215,Seattle,5
SEA 32-2216,Seattle,5
SEA 32-2217,Seattle,5
SEA 32-2218,Seattle,5
SEA 32-2221,Seattle,5
SEA 32-2224,Seattle,5
SEA 32-2539,Seattle,5
SEA 32-3568,Seattle,5
SEA 32-3656,Seattle,5
SEA 32-3746,Seattle,5
SEA 32-3943,Seattle,5
SEA 32-3944,Seattle,5
SEA 34-1245,Seattle,1
SEA 34-1246,Seattle,1
SEA 34-1247,Seattle,1
SEA 34-1248,Seattle,1
SEA 34-1249,Seattle,1
SEA 34-1250,Seattle,1
SEA 34-1251,Seattle,1
SEA 34-1252,Seattle,1
SEA 34-1254,Seattle,1
SEA 34-1255,Seattle,1
SEA 34-1256,Seattle,1
SEA 34-1257,Seattle,1
SEA 34-1258,Seattle,1
SEA 34-1259,Seattle,1
SEA 34-1408,Seattle,1
SEA 34-1409,Seattle,1
SEA 34-1410,Seattle,1
SEA 34-1411,Seattle,1
SEA 34-1412,Seattle,1
SEA 34-1413,Seattle,1
SEA 34-1414,Seattle,1
SEA 34-1415,Seattle,1
SEA 34-1416,Seattle,1
SEA 34-1418,Seattle,1
SEA 34-1419,Seattle,1
SEA 34-1420,Seattle,1
SEA 34-1422,Seattle,1
SEA 34-1423,Seattle,1
SEA 34-1424,Seattle,1
SEA 34-1425,Seattle,1
SEA 34-1426,Seattle,1
SEA 34-1427,Seattle,1
SEA 34-1428,Seattle,1
SEA 34-1429,Seattle,1
SEA 34-1430,Seattle,1
SEA 34-1431,Seattle,1
SEA 34-1432,Seattle,1
SEA 34-1433,Seattle,1
SEA 34-1434,Seattle,1
SEA 34-1435,Seattle,1
SEA 34-1436,Seattle,1
SEA 34-1437,Seattle,1
SEA 34-1438,Seattle,1
SEA 34-1439,Seattle,1
SEA 34-1440,Seattle,1
SEA 34-1441,Seattle,1
SEA 34-1442,Seattle,1
SEA 34-1443,Seattle,1
SEA 34-1444,Seattle,1
SEA 34-1446,Seattle,1
SEA 34-1448,Seattle,1
SEA 34-1449,Seattle,1
SEA 34-1450,Seattle,1
SEA 34-1451,Seattle,1
SEA 34-1452,Seattle,1
SEA 34-1453,Seattle,1
SEA 34-1454,Seattle,1
SEA 34-1455,Seattle,1
SEA 34-1456,Seattle,1
SEA 34-1457,Seattle,1
SEA 34-1458,Seattle,1
SEA 34-1459,Seattle,1
SEA 34-1460,Seattle,1
SEA 34-1461,Seattle,1
SEA 34-1462,Seattle,1
SEA 34-1463,Seattle,1
SEA 34-1464,Seattle,1
SEA 34-1465,Seattle,1
SEA 34-1466,Seattle,1
SEA 34-1467,Seattle,1
SEA 34-1468,Seattle,1
SEA 34-1469,Seattle,1
SEA 34-1470,Seattle,1
SEA 34-1471,Seattle,1
SEA 34-1472,Seattle,1
SEA 34-1473,Seattle,1
SEA 34-1474,Seattle,1
SEA 34-1475,Seattle,1
SEA 34-1476,Seattle,1
SEA 34-1477,Seattle,1
SEA 34-1478,Seattle,1
SEA 34-1479,Seattle,1
SEA 34-1480,Seattle,1
SEA 34-1481,Seattle,1
SEA 34-1482,Seattle,1
SEA 34-1484,Seattle,1
SEA 34-1485,Seattle,1
SEA 34-1486,Seattle,1
SEA 34-1487,Seattle,1
SEA 34-1488,Seattle,1
SEA 34-1489,Seattle,1
SEA 34-1490,Seattle,1
SEA 34-1493,Seattle,1
SEA 34-1494,Seattle,1
SEA 34-1496,Seattle,1
SEA 34-1497,Seattle,1
SEA 34-1498,Seattle,1
SEA 34-1499,Seattle,1
SEA 34-1500,Seattle,1
SEA 34-1501,Seattle,1
SEA 34-1502,Seattle,1
SEA 34-1504,Seattle,1
SEA 34-1506,Seattle,1
SEA 34-1507,Seattle,1
SEA 34-1508,Seattle,1
SEA 34-1509,Seattle,1
SEA 34-1510,Seattle,1
SEA 34-1511,Seattle,1
SEA 34-1512,Seattle,1
SEA 34-1513,Seattle,1
SEA 34-1514,Seattle,1
SEA 34-1515,Seattle,1
SEA 34-1516,Seattle,1
SEA 34-1517,Seattle,1
SEA 34-1518,Seattle,1
SEA 34-1519,Seattle,1
SEA 34-1520,Seattle,1
SEA 34-1521,Seattle,1
SEA 34-1522,Seattle,1
SEA 34-1523,Seattle,1
SEA 34-1524,Seattle,1
SEA 34-1526,Seattle,1
SEA 34-1527,Seattle,1
SEA 34-1529,Seattle,1
SEA 34-1530,Seattle,1
SEA 34-1532,Seattle,1
SEA 34-1533,Seattle,1
SEA 34-1534,Seattle,1
SEA 34-1535,Seattle,1
SEA 34-1536,Seattle,1
SEA 34-1537,Seattle,1
SEA 34-1538,Seattle,1
SEA 34-1539,Seattle,1
SEA 34-1540,Seattle,1
SEA 34-1541,Seattle,1
SEA 34-1543,Seattle,1
SEA 34-1545,Seattle,1
SEA 34-1546,Seattle,1
SEA 34-1550,Seattle,1
SEA 34-1552,Seattle,1
SEA 34-1602,Seattle,1
SEA 34-1823,Seattle,7
SEA 34-1928,Seattle,1
SEA 34-2501,Seattle,1
SEA 34-3175,Seattle,1
SEA 34-3230,Seattle,7
SEA 34-3263,Seattle,1
SEA 34-3264,Seattle,1
SEA 34-3265,Seattle,1
SEA 34-3266,Seattle,1
SEA 34-3416,Seattle,1
SEA 34-3497,Seattle,1
SEA 34-3617,Seattle,1
SEA 34-3632,Seattle,1
SEA 34-3637,Seattle,1
SEA 34-3647,Seattle,1
SEA 34-3648,Seattle,1
SEA 34-3682,Seattle,1
SEA 34-3693,Seattle,1
SEA 34-3702,Seattle,1
SEA 34-3767,Seattle,1
SEA 34-3770,Seattle,1
SEA 34-3772,Seattle,1
SEA 34-3785,Seattle,1
SEA 34-3839,Seattle,1
SEA 34-3866,Seattle,1
SEA 34-3942,Seattle,1
SEA 34-4028,Seattle,1
SEA 36-1273,Seattle,6
SEA 36-1286,Seattle,6
SEA 36-1287,Seattle,6
SEA 36-1288,Seattle,6
SEA 36-1291,Seattle,6
SEA 36-1294,Seattle,6
SEA 36-1295,Seattle,6
SEA 36-1296,Seattle,6
SEA 36-1297,Seattle,6
SEA 36-1298,Seattle,6
SEA 36-1299,Seattle,6
SEA 36-1301,Seattle,6
SEA 36-1303,Seattle,6
SEA 36-1304,Seattle,6
SEA 36-1305,Seattle,6
SEA 36-1306,Seattle,6
SEA 36-1307,Seattle,6
SEA 36-1308,Seattle,6
SEA 36-1317,Seattle,6
SEA 36-1318,Seattle,6
SEA 36-1319,Seattle,6
SEA 36-1320,Seattle,6
SEA 36-1321,Seattle,6
SEA 36-1322,Seattle,6
SEA 36-1323,Seattle,6
SEA 36-1324,Seattle,6
SEA 36-1325,Seattle,6
SEA 36-1326,Seattle,6
SEA 36-1328,Seattle,6
SEA 36-1329,Seattle,6
SEA 36-1330,Seattle,6
SEA 36-1331,Seattle,6
SEA 36-1332,Seattle,6
SEA 36-1333,Seattle,6
SEA 36-1334,Seattle,6
SEA 36-1338,Seattle,6
SEA 36-1339,Seattle,6
SEA 36-1341,Seattle,6
SEA 36-1342,Seattle,6
SEA 36-1343,Seattle,6
SEA 36-1344,Seattle,6
SEA 36-1345,Seattle,6
SEA 36-1347,Seattle,6
SEA 36-1355,Seattle,6
SEA 36-1382,Seattle,6
SEA 36-1384,Seattle,6
SEA 36-1385,Seattle,6
SEA 36-1386,Seattle,6
SEA 36-1387,Seattle,6
SEA 36-1388,Seattle,6
SEA 36-1389,Seattle,6
SEA 36-1390,Seattle,6
SEA 36-1391,Seattle,6
SEA 36-1392,Seattle,6
SEA 36-1393,Seattle,6
SEA 36-1394,Seattle,6
SEA 36-1395,Seattle,6
SEA 36-1396,Seattle,6
SEA 36-1397,Seattle,6
SEA 36-1398,Seattle,6
SEA 36-1399,Seattle,6
SEA 36-1661,Seattle,6
SEA 36-1662,Seattle,6
SEA 36-1663,Seattle,6
SEA 36-1664,Seattle,6
SEA 36-1665,Seattle,6
SEA 36-1666,Seattle,7
SEA 36-1668,Seattle,7
SEA 36-1670,Seattle,7
SEA 36-1672,Seattle,7
SEA 36-1673,Seattle,6
SEA 36-1675,Seattle,6
SEA 36-1676,Seattle,6
SEA 36-1677,Seattle,6
SEA 36-1679,Seattle,6
SEA 36-1682,Seattle,6
SEA 36-1683,Seattle,7
SEA 36-1684,Seattle,7
SEA 36-1685,Seattle,7
SEA 36-1686,Seattle,7
SEA 36-1687,Seattle,7
SEA 36-1688,Seattle,6
SEA 36-1689,Seattle,6
SEA 36-1690,Seattle,6
SEA 36-1691,Seattle,6
SEA 36-1692,Seattle,6
SEA 36-1693,Seattle,6
SEA 36-1695,Seattle,6
SEA 36-1696,Seattle,6
SEA 36-1697,Seattle,6
SEA 36-1698,Seattle,6
SEA 36-1699,Seattle,6
SEA 36-1700,Seattle,6
SEA 36-1701,Seattle,6
SEA 36-1702,Seattle,6
SEA 36-1703,Seattle,6
SEA 36-1704,Seattle,7
SEA 36-1709,Seattle,7
SEA 36-1710,Seattle,7
SEA 36-1711,Seattle,7
SEA 36-1712,Seattle,7
SEA 36-1713,Seattle,7
SEA 36-1714,Seattle,7
SEA 36-1715,Seattle,7
SEA 36-1716,Seattle,7
SEA 36-1717,Seattle,7
SEA 36-1718,Seattle,7
SEA 36-1719,Seattle,7
SEA 36-1720,Seattle,7
SEA 36-1721,Seattle,7
SEA 36-1722,Seattle,7
SEA 36-1723,Seattle,7
SEA 36-1724,Seattle,7
SEA 36-1725,Seattle,7
SEA 36-1726,Seattle,7
SEA 36-1727,Seattle,7
SEA 36-1729,Seattle,7
SEA 36-1730,Seattle,7
SEA 36-1731,Seattle,7
SEA 36-1732,Seattle,7
SEA 36-1734,Seattle,7
SEA 36-1735,Seattle,7
SEA 36-1736,Seattle,7
SEA 36-1737,Seattle,7
SEA 36-1738,Seattle,7
SEA 36-1739,Seattle,7
SEA 36-1740,Seattle,7
SEA 36-1741,Seattle,7
SEA 36-1742,Seattle,7
SEA 36-1743,Seattle,7
SEA 36-1744,Seattle,7
SEA 36-1746,Seattle,7
SEA 36-1747,Seattle,7
SEA 36-1748,Seattle,7
SEA 36-1749,Seattle,7
SEA 36-1750,Seattle,7
SEA 36-1751,Seattle,7
SEA 36-1752,Seattle,7
SEA 36-1754,Seattle,7
SEA 36-1755,Seattle,7
SEA 36-1756,Seattle,7
SEA 36-1757,Seattle,7
SEA 36-1758,Seattle,7
SEA 36-1759,Seattle,7
SEA 36-1760,Seattle,7
SEA 36-1761,Seattle,7
SEA 36-1762,Seattle,7
SEA 36-1763,Seattle,7
SEA 36-1764,Seattle,7
SEA 36-1765,Seattle,7
SEA 36-1766,Seattle,7
SEA 36-1767,Seattle,7
SEA 36-1768,Seattle,7
SEA 36-1769,Seattle,7
SEA 36-1771,Seattle,7
SEA 36-1803,Seattle,7
SEA 36-1805,Seattle,7
SEA 36-1806,Seattle,7
SEA 36-1808,Seattle,7
SEA 36-1812,Seattle,7
SEA 36-1813,Seattle,7
SEA 36-1815,Seattle,7
SEA 36-1816,Seattle,7
SEA 36-2116,Seattle,6
SEA 36-2117,Seattle,6
SEA 36-2118,Seattle,6
SEA 36-2119,Seattle,6
SEA 36-2120,Seattle,6
SEA 36-2121,Seattle,6
SEA 36-2125,Seattle,5
SEA 36-2126,Seattle,5
SEA 36-2130,Seattle,5
SEA 36-2131,Seattle,5
SEA 36-2133,Seattle,5
SEA 36-2134,Seattle,5
SEA 36-2146,Seattle,6
SEA 36-2147,Seattle,6
SEA 36-2148,Seattle,6
SEA 36-2149,Seattle,6
SEA 36-2161,Seattle,6
SEA 36-2162,Seattle,6
SEA 36-2163,Seattle,6
SEA 36-2164,Seattle,6
SEA 36-2165,Seattle,6
SEA 36-2166,Seattle,6
SEA 36-2167,Seattle,6
SEA 36-2168,Seattle,6
SEA 36-2170,Seattle,6
SEA 36-2171,Seattle,6
SEA 36-2172,Seattle,6
SEA 36-2502,Seattle,6
SEA 36-2503,Seattle,6
SEA 36-2504,Seattle,6
SEA 36-2505,Seattle,6
SEA 36-2506,Seattle,6
SEA 36-2507,Seattle,6
SEA 36-2508,Seattle,6
SEA 36-2509,Seattle,6
SEA 36-2510,Seattle,6
SEA 36-2511,Seattle,6
SEA 36-2512,Seattle,6
SEA 36-2513,Seattle,6
SEA 36-2514,Seattle,6
SEA 36-2515,Seattle,6
SEA 36-2517,Seattle,5
SEA 36-2518,Seattle,5
SEA 36-2520,Seattle,5
SEA 36-2523,Seattle,5
SEA 36-2526,Seattle,6
SEA 36-2528,Seattle,5
SEA 36-2529,Seattle,5
SEA 36-2532,Seattle,5
SEA 36-2533,Seattle,5
SEA 36-2534,Seattle,5
SEA 36-2535,Seattle,5
SEA 36-2536,Seattle,5
SEA 36-2590,Seattle,6
SEA 36-2592,Seattle,6
SEA 36-2593,Seattle,6
SEA 36-2743,Seattle,6
SEA 36-2795,Seattle,7
SEA 36-3153,Seattle,5
SEA 36-3317,Seattle,6
SEA 36-3318,Seattle,6
SEA 36-3319,Seattle,7
SEA 36-3586,Seattle,6
SEA 36-3587,Seattle,7
SEA 36-3685,Seattle,6
SEA 36-3689,Seattle,7
SEA 36-3699,Seattle,6
SEA 36-3710,Seattle,6
SEA 36-3720,Seattle,7
SEA 36-3743,Seattle,6
SEA 36-3744,Seattle,5
SEA 36-3745,Seattle,7
SEA 36-3797,Seattle,7
SEA 36-3821,Seattle,6
SEA 36-3822,Seattle,7
SEA 36-3933,Seattle,7
SEA 36-3936,Seattle,7
SEA 36-3972,Seattle,5
SEA 36-4016,Seattle,6
SEA 36-4030,Seattle,5
SEA 37-1553,Seattle,2
SEA 37-1555,Seattle,2
SEA 37-1557,Seattle,2
SEA 37-1558,Seattle,2
SEA 37-1559,Seattle,2
SEA 37-1563,Seattle,2
SEA 37-1564,Seattle,2
SEA 37-1565,Seattle,2
SEA 37-1566,Seattle,2
SEA 37-1567,Seattle,2
SEA 37-1568,Seattle,2
SEA 37-1570,Seattle,2
SEA 37-1571,Seattle,2
SEA 37-1572,Seattle,2
SEA 37-1574,Seattle,2
SEA 37-1575,Seattle,2
SEA 37-1576,Seattle,2
SEA 37-1578,Seattle,2
SEA 37-1579,Seattle,2
SEA 37-1580,Seattle,2
SEA 37-1582,Seattle,2
SEA 37-1583,Seattle,2
SEA 37-1584,Seattle,2
SEA 37-1585,Seattle,2
SEA 37-1586,Seattle,2
SEA 37-1587,Seattle,2
SEA 37-1588,Seattle,2
SEA 37-1589,Seattle,2
SEA 37-1590,Seattle,2
SEA 37-1591,Seattle,2
SEA 37-1592,Seattle,2
SEA 37-1593,Seattle,2
SEA 37-1594,Seattle,2
SEA 37-1596,Seattle,2
SEA 37-1597,Seattle,2
SEA 37-1600,Seattle,2
SEA 37-1607,Seattle,2
SEA 37-1608,Seattle,2
SEA 37-1609,Seattle,2
SEA 37-1610,Seattle,2
SEA 37-1611,Seattle,2
SEA 37-1612,Seattle,2
SEA 37-1613,Seattle,2
SEA 37-1614,Seattle,2
SEA 37-1615,Seattle,2
SEA 37-1616,Seattle,2
SEA 37-1617,Seattle,2
SEA 37-1618,Seattle,2
SEA 37-1619,Seattle,2
SEA 37-1620,Seattle,2
SEA 37-1621,Seattle,2
SEA 37-1622,Seattle,2
SEA 37-1624,Seattle,2
SEA 37-1628,Seattle,2
SEA 37-1629,Seattle,2
SEA 37-1630,Seattle,2
SEA 37-1631,Seattle,2
SEA 37-1632,Seattle,2
SEA 37-1633,Seattle,2
SEA 37-1634,Seattle,2
SEA 37-1635,Seattle,2
SEA 37-1636,Seattle,2
SEA 37-1637,Seattle,2
SEA 37-1638,Seattle,2
SEA 37-1639,Seattle,2
SEA 37-1640,Seattle,2
SEA 37-1641,Seattle,2
SEA 37-1643,Seattle,2
SEA 37-1646,Seattle,2
SEA 37-1647,Seattle,2
SEA 37-1648,Seattle,2
SEA 37-1650,Seattle,2
SEA 37-1651,Seattle,2
SEA 37-1652,Seattle,2
SEA 37-1825,Seattle,2
SEA 37-1827,Seattle,3
SEA 37-1831,Seattle,3
SEA 37-1833,Seattle,3
SEA 37-1834,Seattle,2
SEA 37-1838,Seattle,3
SEA 37-1839,Seattle,3
SEA 37-1840,Seattle,2
SEA 37-1841,Seattle,2
SEA 37-1850,Seattle,2
SEA 37-1853,Seattle,3
SEA 37-1854,Seattle,2
SEA 37-1862,Seattle,3
SEA 37-1863,Seattle,3
SEA 37-1864,Seattle,2
SEA 37-1871,Seattle,2
SEA 37-1872,Seattle,3
SEA 37-1875,Seattle,3
SEA 37-1876,Seattle,3
SEA 37-1879,Seattle,3
SEA 37-1880,Seattle,3
SEA 37-1881,Seattle,3
SEA 37-1882,Seattle,3
SEA 37-1883,Seattle,3
SEA 37-1884,Seattle,3
SEA 37-1885,Seattle,3
SEA 37-1886,Seattle,3
SEA 37-1890,Seattle,2
SEA 37-1891,Seattle,2
SEA 37-1892,Seattle,3
SEA 37-1894,Seattle,3
SEA 37-1895,Seattle,3
SEA 37-1896,Seattle,3
SEA 37-1897,Seattle,2
SEA 37-1898,Seattle,3
SEA 37-1899,Seattle,3
SEA 37-1900,Seattle,3
SEA 37-1902,Seattle,3
SEA 37-1903,Seattle,3
SEA 37-1906,Seattle,3
SEA 37-1907,Seattle,3
SEA 37-1913,Seattle,3
SEA 37-1914,Seattle,3
SEA 37-1916,Seattle,3
SEA 37-1917,Seattle,3
SEA 37-1918,Seattle,3
SEA 37-1919,Seattle,3
SEA 37-1920,Seattle,3
SEA 37-1925,Seattle,2
SEA 37-1927,Seattle,2
SEA 37-1930,Seattle,2
SEA 37-1932,Seattle,2
SEA 37-1934,Seattle,2
SEA 37-1935,Seattle,2
SEA 37-1936,Seattle,2
SEA 37-1938,Seattle,2
SEA 37-1940,Seattle,2
SEA 37-1941,Seattle,2
SEA 37-1942,Seattle,2
SEA 37-1944,Seattle,2
SEA 37-1945,Seattle,2
SEA 37-1947,Seattle,2
SEA 37-2686,Seattle,2
SEA 37-2799,Seattle,3
SEA 37-3159,Seattle,2
SEA 37-3567,Seattle,2
SEA 37-3573,Seattle,3
SEA 37-3580,Seattle,2
SEA 37-3636,Seattle,2
SEA 37-3639,Seattle,2
SEA 37-3666,Seattle,2
SEA 37-3672,Seattle,3
SEA 37-3673,Seattle,3
SEA 37-3696,Seattle,2
SEA 37-3708,Seattle,2
SEA 37-3721,Seattle,3
SEA 37-3729,Seattle,3
SEA 37-3730,Seattle,2
SEA 37-3731,Seattle,2
SEA 37-3732,Seattle,2
SEA 37-3775,Seattle,2
SEA 37-3796,Seattle,2
SEA 37-3802,Seattle,2
SEA 37-3810,Seattle,2
SEA 37-3816,Seattle,2
SEA 37-3817,Seattle,2
SEA 37-3818,Seattle,3
SEA 37-3840,Seattle,2
SEA 37-3871,Seattle,2
SEA 37-3872,Seattle,2
SEA 37-3939,Seattle,2
SEA 37-3946,Seattle,2
SEA 37-3948,Seattle,2
SEA 37-3956,Seattle,2
SEA 37-3966,Seattle,3
SEA 37-3967,Seattle,3
SEA 37-3969,Seattle,1
SEA 37-3980,Seattle,2
SEA 37-3998,Seattle,2
SEA 37-4018,Seattle,3
SEA 37-4019,Seattle,2
SEA 43-1335,Seattle,6
SEA 43-1348,Seattle,6
SEA 43-1349,Seattle,6
SEA 43-1350,Seattle,6
SEA 43-1351,Seattle,6
SEA 43-1352,Seattle,6
SEA 43-1353,Seattle,6
SEA 43-1354,Seattle,6
SEA 43-1359,Seattle,4
SEA 43-1360,Seattle,4
SEA 43-1361,Seattle,4
SEA 43-1362,Seattle,4
SEA 43-1363,Seattle,4
SEA 43-1364,Seattle,4
SEA 43-1365,Seattle,4
SEA 43-1366,Seattle,4
SEA 43-1367,Seattle,4
SEA 43-1368,Seattle,4
SEA 43-1372,Seattle,4
SEA 43-1373,Seattle,4
SEA 43-1374,Seattle,4
SEA 43-1375,Seattle,4
SEA 43-1376,Seattle,4
SEA 43-1377,Seattle,4
SEA 43-1378,Seattle,4
SEA 43-1379,Seattle,4
SEA 43-1380,Seattle,4
SEA 43-1772,Seattle,7
SEA 43-1773,Seattle,7
SEA 43-1774,Seattle,7
SEA 43-1776,Seattle,7
SEA 43-1779,Seattle,7
SEA 43-1780,Seattle,7
SEA 43-1781,Seattle,3
SEA 43-1783,Seattle,3
SEA 43-1784,Seattle,3
SEA 43-1787,Seattle,3
SEA 43-1788,Seattle,3
SEA 43-1801,Seattle,7
SEA 43-1817,Seattle,3
SEA 43-1818,Seattle,3
SEA 43-1819,Seattle,3
SEA 43-1821,Seattle,3
SEA 43-1824,Seattle,3
SEA 43-1826,Seattle,3
SEA 43-1835,Seattle,3
SEA 43-1842,Seattle,3
SEA 43-1843,Seattle,3
SEA 43-1845,Seattle,3
SEA 43-1846,Seattle,3
SEA 43-1847,Seattle,3
SEA 43-1849,Seattle,3
SEA 43-1851,Seattle,3
SEA 43-1855,Seattle,3
SEA 43-1856,Seattle,3
SEA 43-1857,Seattle,3
SEA 43-1858,Seattle,3
SEA 43-1859,Seattle,3
SEA 43-1860,Seattle,3
SEA 43-1861,Seattle,3
SEA 43-1867,Seattle,3
SEA 43-1868,Seattle,3
SEA 43-1869,Seattle,3
SEA 43-1870,Seattle,3
SEA 43-1874,Seattle,3
SEA 43-1887,Seattle,3
SEA 43-1888,Seattle,3
SEA 43-1889,Seattle,3
SEA 43-1893,Seattle,3
SEA 43-1910,Seattle,3
SEA 43-1911,Seattle,3
SEA 43-1962,Seattle,4
SEA 43-1963,Seattle,4
SEA 43-1968,Seattle,4
SEA 43-1969,Seattle,4
SEA 43-1970,Seattle,4
SEA 43-1971,Seattle,4
SEA 43-1974,Seattle,4
SEA 43-1976,Seattle,4
SEA 43-1977,Seattle,4
SEA 43-1978,Seattle,4
SEA 43-1980,Seattle,4
SEA 43-1982,Seattle,3
SEA 43-1983,Seattle,3
SEA 43-1986,Seattle,3
SEA 43-1990,Seattle,3
SEA 43-1991,Seattle,3
SEA 43-1992,Seattle,3
SEA 43-1993,Seattle,3
SEA 43-1994,Seattle,3
SEA 43-1995,Seattle,3
SEA 43-1996,Seattle,3
SEA 43-1997,Seattle,3
SEA 43-1999,Seattle,3
SEA 43-2000,Seattle,3
SEA 43-2001,Seattle,3
SEA 43-2002,Seattle,3
SEA 43-2004,Seattle,3
SEA 43-2006,Seattle,3
SEA 43-2007,Seattle,3
SEA 43-2008,Seattle,3
SEA 43-2009,Seattle,3
SEA 43-2011,Seattle,3
SEA 43-2013,Seattle,3
SEA 43-2014,Seattle,3
SEA 43-2015,Seattle,3
SEA 43-2016,Seattle,3
SEA 43-2017,Seattle,3
SEA 43-2018,Seattle,3
SEA 43-2020,Seattle,3
SEA 43-2021,Seattle,3
SEA 43-2023,Seattle,4
SEA 43-2024,Seattle,4
SEA 43-2025,Seattle,3
SEA 43-2026,Seattle,3
SEA 43-2027,Seattle,3
SEA 43-2028,Seattle,3
SEA 43-2029,Seattle,3
SEA 43-2033,Seattle,3
SEA 43-2034,Seattle,3
SEA 43-2035,Seattle,3
SEA 43-2037,Seattle,3
SEA 43-2038,Seattle,3
SEA 43-2039,Seattle,3
SEA 43-2040,Seattle,3
SEA 43-2043,Seattle,4
SEA 43-2052,Seattle,4
SEA 43-2057,Seattle,4
SEA 43-2058,Seattle,3
SEA 43-2059,Seattle,3
SEA 43-2061,Seattle,3
SEA 43-2064,Seattle,4
SEA 43-2090,Seattle,4
SEA 43-2104,Seattle,3
SEA 43-2105,Seattle,3
SEA 43-2113,Seattle,4
SEA 43-2541,Seattle,3
SEA 43-2542,Seattle,3
SEA 43-2543,Seattle,3
SEA 43-2544,Seattle,7
SEA 43-2545,Seattle,3
SEA 43-2546,Seattle,3
SEA 43-2547,Seattle,3
SEA 43-2549,Seattle,3
SEA 43-2550,Seattle,3
SEA 43-2749,Seattle,7
SEA 43-2750,Seattle,7
SEA 43-2850,Seattle,6
SEA 43-2852,Seattle,3
SEA 43-2853,Seattle,3
SEA 43-2861,Seattle,3
SEA 43-2862,Seattle,7
SEA 43-2928,Seattle,3
SEA 43-3267,Seattle,7
SEA 43-3320,Seattle,7
SEA 43-3341,Seattle,7
SEA 43-3345,Seattle,7
SEA 43-3424,Seattle,3
SEA 43-3496,Seattle,7
SEA 43-3566,Seattle,7
SEA 43-3570,Seattle,7
SEA 43-3571,Seattle,7
SEA 43-3595,Seattle,3
SEA 43-3605,Seattle,7
SEA 43-3628,Seattle,7
SEA 43-3665,Seattle,7
SEA 43-3669,Seattle,7
SEA 43-3679,Seattle,7
SEA 43-3686,Seattle,7
SEA 43-3700,Seattle,7
SEA 43-3701,Seattle,7
SEA 43-3705,Seattle,7
SEA 43-3719,Seattle,7
SEA 43-3747,Seattle,7
SEA 43-3748,Seattle,4
SEA 43-3749,Seattle,7
SEA 43-3750,Seattle,7
SEA 43-3776,Seattle,3
SEA 43-3803,Seattle,3
SEA 43-3804,Seattle,3
SEA 43-3807,Seattle,7
SEA 43-3875,Seattle,7
SEA 43-3876,Seattle,7
SEA 43-3877,Seattle,7
SEA 43-3934,Seattle,7
SEA 43-3947,Seattle,3
SEA 43-3949,Seattle,3
SEA 43-3951,Seattle,4
SEA 43-3974,Seattle,3
SEA 43-3975,Seattle,7
SEA 43-3986,Seattle,7
SEA 43-3997,Seattle,3
SEA 43-4010,Seattle,3
SEA 46-1262,Seattle,6
SEA 46-1263,Seattle,6
SEA 46-1264,Seattle,6
SEA 46-1265,Seattle,6
SEA 46-1266,Seattle,6
SEA 46-1267,Seattle,6
SEA 46-1268,Seattle,6
SEA 46-1269,Seattle,6
SEA 46-1271,Seattle,4
SEA 46-1272,Seattle,6
SEA 46-1274,Seattle,6
SEA 46-1275,Seattle,6
SEA 46-1277,Seattle,6
SEA 46-1278,Seattle,6
SEA 46-1279,Seattle,4
SEA 46-1280,Seattle,6
SEA 46-1282,Seattle,6
SEA 46-1283,Seattle,6
SEA 46-1284,Seattle,6
SEA 46-1285,Seattle,6
SEA 46-1292,Seattle,6
SEA 46-1300,Seattle,6
SEA 46-1309,Seattle,6
SEA 46-1310,Seattle,6
SEA 46-1311,Seattle,5
SEA 46-1312,Seattle,6
SEA 46-1313,Seattle,6
SEA 46-1314,Seattle,6
SEA 46-1357,Seattle,4
SEA 46-1358,Seattle,4
SEA 46-1369,Seattle,4
SEA 46-1370,Seattle,4
SEA 46-1371,Seattle,4
SEA 46-1400,Seattle,5
SEA 46-1401,Seattle,5
SEA 46-1402,Seattle,5
SEA 46-1403,Seattle,5
SEA 46-1404,Seattle,5
SEA 46-1406,Seattle,6
SEA 46-1952,Seattle,4
SEA 46-1953,Seattle,4
SEA 46-1954,Seattle,4
SEA 46-1955,Seattle,4
SEA 46-1957,Seattle,4
SEA 46-1959,Seattle,4
SEA 46-1961,Seattle,4
SEA 46-1964,Seattle,4
SEA 46-1965,Seattle,4
SEA 46-1966,Seattle,4
SEA 46-1967,Seattle,4
SEA 46-1975,Seattle,4
SEA 46-2044,Seattle,4
SEA 46-2045,Seattle,4
SEA 46-2047,Seattle,6
SEA 46-2048,Seattle,4
SEA 46-2049,Seattle,4
SEA 46-2050,Seattle,4
SEA 46-2056,Seattle,4
SEA 46-2065,Seattle,4
SEA 46-2068,Seattle,4
SEA 46-2069,Seattle,4
SEA 46-2071,Seattle,4
SEA 46-2074,Seattle,4
SEA 46-2075,Seattle,4
SEA 46-2076,Seattle,4
SEA 46-2083,Seattle,4
SEA 46-2084,Seattle,4
SEA 46-2088,Seattle,4
SEA 46-2089,Seattle,4
SEA 46-2091,Seattle,4
SEA 46-2092,Seattle,4
SEA 46-2093,Seattle,4
SEA 46-2094,Seattle,4
SEA 46-2095,Seattle,4
SEA 46-2096,Seattle,4
SEA 46-2097,Seattle,4
SEA 46-2098,Seattle,4
SEA 46-2099,Seattle,4
SEA 46-2100,Seattle,4
SEA 46-2109,Seattle,4
SEA 46-2110,Seattle,4
SEA 46-2127,Seattle,5
SEA 46-2128,Seattle,5
SEA 46-2129,Seattle,5
SEA 46-2142,Seattle,5
SEA 46-2143,Seattle,5
SEA 46-2145,Seattle,5
SEA 46-2152,Seattle,5
SEA 46-2228,Seattle,5
SEA 46-2231,Seattle,4
SEA 46-2234,Seattle,4
SEA 46-2236,Seattle,4
SEA 46-2237,Seattle,4
SEA 46-2238,Seattle,4
SEA 46-2239,Seattle,4
SEA 46-2240,Seattle,4
SEA 46-2243,Seattle,4
SEA 46-2244,Seattle,4
SEA 46-2245,Seattle,4
SEA 46-2247,Seattle,4
SEA 46-2249,Seattle,4
SEA 46-2251,Seattle,4
SEA 46-2252,Seattle,4
SEA 46-2253,Seattle,4
SEA 46-2257,Seattle,4
SEA 46-2260,Seattle,4
SEA 46-2261,Seattle,4
SEA 46-2263,Seattle,4
SEA 46-2264,Seattle,4
SEA 46-2266,Seattle,4
SEA 46-2267,Seattle,4
SEA 46-2268,Seattle,5
SEA 46-2269,Seattle,4
SEA 46-2270,Seattle,4
SEA 46-2271,Seattle,4
SEA 46-2272,Seattle,4
SEA 46-2274,Seattle,4
SEA 46-2275,Seattle,4
SEA 46-2276,Seattle,4
SEA 46-2277,Seattle,4
SEA 46-2280,Seattle,4
SEA 46-2282,Seattle,5
SEA 46-2283,Seattle,5
SEA 46-2285,Seattle,4
SEA 46-2286,Seattle,4
SEA 46-2289,Seattle,4
SEA 46-2290,Seattle,4
SEA 46-2291,Seattle,4
SEA 46-2292,Seattle,5
SEA 46-2293,Seattle,5
SEA 46-2295,Seattle,5
SEA 46-2296,Seattle,5
SEA 46-2297,Seattle,5
SEA 46-2298,Seattle,5
SEA 46-2299,Seattle,5
SEA 46-2302,Seattle,4
SEA 46-2303,Seattle,5
SEA 46-2304,Seattle,5
SEA 46-2305,Seattle,5
SEA 46-2306,Seattle,5
SEA 46-2307,Seattle,5
SEA 46-2308,Seattle,5
SEA 46-2309,Seattle,5
SEA 46-2310,Seattle,5
SEA 46-2311,Seattle,5
SEA 46-2313,Seattle,5
SEA 46-2314,Seattle,5
SEA 46-2316,Seattle,5
SEA 46-2317,Seattle,5
SEA 46-2318,Seattle,5
SEA 46-2319,Seattle,5
SEA 46-2320,Seattle,5
SEA 46-2321,Seattle,5
SEA 46-2322,Seattle,5
SEA 46-2323,Seattle,5
SEA 46-2324,Seattle,5
SEA 46-2325,Seattle,5
SEA 46-2326,Seattle,5
SEA 46-2327,Seattle,5
SEA 46-2328,Seattle,5
SEA 46-2330,Seattle,5
SEA 46-2332,Seattle,5
SEA 46-2333,Seattle,5
SEA 46-2334,Seattle,5
SEA 46-2335,Seattle,5
SEA 46-2336,Seattle,5
SEA 46-2337,Seattle,5
SEA 46-2338,Seattle,5
SEA 46-2339,Seattle,5
SEA 46-2340,Seattle,5
SEA 46-2341,Seattle,5
SEA 46-2342,Seattle,5
SEA 46-2343,Seattle,5
SEA 46-2344,Seattle,5
SEA 46-2345,Seattle,5
SEA 46-2346,Seattle,5
SEA 46-2347,Seattle,5
SEA 46-2348,Seattle,5
SEA 46-2349,Seattle,5
SEA 46-2350,Seattle,5
SEA 46-2351,Seattle,5
SEA 46-2352,Seattle,5
SEA 46-2353,Seattle,5
SEA 46-2355,Seattle,5
SEA 46-2357,Seattle,5
SEA 46-2358,Seattle,5
SEA 46-2359,Seattle,5
SEA 46-2360,Seattle,5
SEA 46-2361,Seattle,5
SEA 46-2363,Seattle,5
SEA 46-2364,Seattle,5
SEA 46-2366,Seattle,5
SEA 46-2367,Seattle,5
SEA 46-2369,Seattle,5
SEA 46-2370,Seattle,5
SEA 46-2371,Seattle,5
SEA 46-2373,Seattle,5
SEA 46-2375,Seattle,4
SEA 46-2377,Seattle,4
SEA 46-2378,Seattle,4
SEA 46-2379,Seattle,5
SEA 46-2500,Seattle,5
SEA 46-2537,Seattle,5
SEA 46-2619,Seattle,5
SEA 46-2796,Seattle,5
SEA 46-2987,Seattle,4
SEA 46-3252,Seattle,5
SEA 46-3262,Seattle,6
SEA 46-3677,Seattle,5
SEA 46-3728,Seattle,5
SEA 46-3788,Seattle,6
SEA 46-3798,Seattle,4
SEA 46-3805,Seattle,4
SEA 46-3815,Seattle,5
SEA 46-3950,Seattle,4
SEA 46-3952,Seattle,4
SEA 46-3959,Seattle,5
SEA 46-3981,Seattle,4
